{"count":1,"self":21.3633184,"total":21.374902,"children":{"InitializeActuators":{"count":2,"self":0.00086299999999999994,"total":0.00086299999999999994,"children":null},"InitializeSensors":{"count":2,"self":0.00089399999999999994,"total":0.00089399999999999994,"children":null},"AgentSendState":{"count":1049,"self":0.0031899999999999997,"total":0.0031899999999999997,"children":null},"DecideAction":{"count":1049,"self":0.0054779999999999994,"total":0.0054779999999999994,"children":null},"AgentAct":{"count":1049,"self":0.00078199999999999993,"total":0.00078199999999999993,"children":null}},"gauges":{},"metadata":{"timer_format_version":"0.1.0","start_time_seconds":"1671799708","unity_version":"2021.3.6f1","command_line_arguments":"\/Applications\/2021.3.6f1\/Unity.app\/Contents\/MacOS\/Unity -projectpath \/Users\/jaynap\/Rec_Demo -useHub -hubIPC -cloudEnvironment production -licensingIpc LicenseClient-jaynap -hubSessionId 194a1420-751d-11ed-b55a-27c8e91be1ba","communication_protocol_version":"1.5.0","com.unity.ml-agents_version":"2.3.0-exp.2","scene_name":"TrainScene","end_time_seconds":"1671799730"}}